{"cameraMode":{"drawMode":0,"name":"Shaded","section":"Shading Mode"},"sceneLighting":true,"audioPlay":false,"sceneViewState":{"m_AlwaysRefresh":false,"showFog":true,"showSkybox":false,"showFlares":true,"showImageEffects":true,"showParticleSystems":true,"showVisualEffectGraphs":true,"m_FxEnabled":true},"in2DMode":false,"pivot":{"x":-0.024141743779182435,"y":0.9114305973052979,"z":0.2510773539543152},"rotation":{"x":0.147771954536438,"y":-0.04980229213833809,"z":0.007465619593858719,"w":0.9877731204032898},"size":2.012751579284668,"orthographic":false}